{
	"Modified": "2024-08-31T04:17:57.452502952Z",
	"Keyboard": "ergodox",
	"Board": "slicemk_ergodox_202207_green_left",
	"Shield": "slicemk_ergodox_leftcentral",
	"Kconfig": null,
	"Advanced": {
		"Logging": "",
		"KRO": "",
		"MouseMove": "",
		"MouseScroll": "",
		"BTParams": ""
	},
	"Layers": [
		{
			"Name": "mac",
			"Notes": "",
			"Keys": [
				{
					"Name": "",
					"Behavior": "&to",
					"Notes": "",
					"Args": [
						"windows"
					]
				},
				{
					"Name": "",
					"Behavior": "&kp",
					"Notes": "",
					"Args": [
						"NUMBER_1"
					]
				},
				{
					"Name": "",
					"Behavior": "&kp",
					"Notes": "",
					"Args": [
						"NUMBER_2"
					]
				},
				{
					"Name": "",
					"Behavior": "&kp",
					"Notes": "",
					"Args": [
						"NUMBER_3"
					]
				},
				{
					"Name": "",
					"Behavior": "&kp",
					"Notes": "",
					"Args": [
						"NUMBER_4"
					]
				},
				{
					"Name": "",
					"Behavior": "&kp",
					"Notes": "",
					"Args": [
						"NUMBER_5"
					]
				},
				{
					"Name": "",
					"Behavior": "&kp",
					"Notes": "",
					"Args": [
						"MINUS"
					]
				},
				{
					"Name": "",
					"Behavior": "&kp",
					"Notes": "",
					"Args": [
						"EQUAL"
					]
				},
				{
					"Name": "",
					"Behavior": "&kp",
					"Notes": "",
					"Args": [
						"NUMBER_6"
					]
				},
				{
					"Name": "",
					"Behavior": "&kp",
					"Notes": "",
					"Args": [
						"NUMBER_7"
					]
				},
				{
					"Name": "",
					"Behavior": "&kp",
					"Notes": "",
					"Args": [
						"NUMBER_8"
					]
				},
				{
					"Name": "",
					"Behavior": "&kp",
					"Notes": "",
					"Args": [
						"NUMBER_9"
					]
				},
				{
					"Name": "",
					"Behavior": "&kp",
					"Notes": "",
					"Args": [
						"NUMBER_0"
					]
				},
				{
					"Name": "",
					"Behavior": "&mt",
					"Notes": "",
					"Args": [
						"LEFT_ALT BACKSPACE",
						"BACKSPACE"
					]
				},
				{
					"Name": "",
					"Behavior": "&mt",
					"Notes": "",
					"Args": [
						"TILDE",
						"ESCAPE"
					]
				},
				{
					"Name": "",
					"Behavior": "&kp",
					"Notes": "",
					"Args": [
						"Q"
					]
				},
				{
					"Name": "",
					"Behavior": "&kp",
					"Notes": "",
					"Args": [
						"W"
					]
				},
				{
					"Name": "",
					"Behavior": "&kp",
					"Notes": "",
					"Args": [
						"E"
					]
				},
				{
					"Name": "",
					"Behavior": "&kp",
					"Notes": "",
					"Args": [
						"R"
					]
				},
				{
					"Name": "",
					"Behavior": "&kp",
					"Notes": "",
					"Args": [
						"T"
					]
				},
				{
					"Name": "",
					"Behavior": "&kp",
					"Notes": "",
					"Args": [
						"LEFT_BRACKET"
					]
				},
				{
					"Name": "",
					"Behavior": "&kp",
					"Notes": "",
					"Args": [
						"RIGHT_BRACKET"
					]
				},
				{
					"Name": "",
					"Behavior": "&kp",
					"Notes": "",
					"Args": [
						"Y"
					]
				},
				{
					"Name": "",
					"Behavior": "&kp",
					"Notes": "",
					"Args": [
						"U"
					]
				},
				{
					"Name": "",
					"Behavior": "&kp",
					"Notes": "",
					"Args": [
						"I"
					]
				},
				{
					"Name": "",
					"Behavior": "&kp",
					"Notes": "",
					"Args": [
						"O"
					]
				},
				{
					"Name": "",
					"Behavior": "&kp",
					"Notes": "",
					"Args": [
						"P"
					]
				},
				{
					"Name": "",
					"Behavior": "&kp",
					"Notes": "",
					"Args": [
						"RIGHT_SHIFT"
					]
				},
				{
					"Name": "",
					"Behavior": "&mt",
					"Notes": "",
					"Args": [
						"LEFT_GUI TAB",
						"TAB"
					]
				},
				{
					"Name": "",
					"Behavior": "&mt",
					"Notes": "",
					"Args": [
						"LEFT_GUI A",
						"A"
					]
				},
				{
					"Name": "",
					"Behavior": "&mt",
					"Notes": "",
					"Args": [
						"LEFT_GUI S",
						"S"
					]
				},
				{
					"Name": "",
					"Behavior": "&kp",
					"Notes": "",
					"Args": [
						"D"
					]
				},
				{
					"Name": "",
					"Behavior": "&lt",
					"Notes": "",
					"Args": [
						"symb",
						"F"
					]
				},
				{
					"Name": "",
					"Behavior": "&lt",
					"Notes": "",
					"Args": [
						"nmpad",
						"G"
					]
				},
				{
					"Name": "",
					"Behavior": "&lt",
					"Notes": "",
					"Args": [
						"nmpad",
						"H"
					]
				},
				{
					"Name": "",
					"Behavior": "&lt",
					"Notes": "",
					"Args": [
						"symb",
						"J"
					]
				},
				{
					"Name": "",
					"Behavior": "&kp",
					"Notes": "",
					"Args": [
						"K"
					]
				},
				{
					"Name": "",
					"Behavior": "&kp",
					"Notes": "",
					"Args": [
						"L"
					]
				},
				{
					"Name": "",
					"Behavior": "&kp",
					"Notes": "",
					"Args": [
						"SEMICOLON"
					]
				},
				{
					"Name": "",
					"Behavior": "&kp",
					"Notes": "",
					"Args": [
						"SINGLE_QUOTE"
					]
				},
				{
					"Name": "",
					"Behavior": "&mt",
					"Notes": "",
					"Args": [
						"CAPSLOCK",
						"LEFT_SHIFT"
					]
				},
				{
					"Name": "",
					"Behavior": "&mt",
					"Notes": "",
					"Args": [
						"LEFT_GUI Z",
						"Z"
					]
				},
				{
					"Name": "",
					"Behavior": "&mt",
					"Notes": "",
					"Args": [
						"LEFT_GUI X",
						"X"
					]
				},
				{
					"Name": "",
					"Behavior": "&mt",
					"Notes": "",
					"Args": [
						"LEFT_GUI C",
						"C"
					]
				},
				{
					"Name": "",
					"Behavior": "&mt",
					"Notes": "",
					"Args": [
						"V",
						"LEFT_SHIFT LEFT_GUI V"
					]
				},
				{
					"Name": "",
					"Behavior": "&mt",
					"Notes": "",
					"Args": [
						"LEFT_CONTROL LEFT_SHIFT Z",
						"B"
					]
				},
				{
					"Name": "",
					"Behavior": "&mo",
					"Notes": "",
					"Args": [
						"mouse"
					]
				},
				{
					"Name": "",
					"Behavior": "&tog",
					"Notes": "",
					"Args": [
						"Gaming"
					]
				},
				{
					"Name": "",
					"Behavior": "&kp",
					"Notes": "",
					"Args": [
						"N"
					]
				},
				{
					"Name": "",
					"Behavior": "&kp",
					"Notes": "",
					"Args": [
						"M"
					]
				},
				{
					"Name": "",
					"Behavior": "&kp",
					"Notes": "",
					"Args": [
						"COMMA"
					]
				},
				{
					"Name": "",
					"Behavior": "&kp",
					"Notes": "",
					"Args": [
						"PERIOD"
					]
				},
				{
					"Name": "",
					"Behavior": "&kp",
					"Notes": "",
					"Args": [
						"SLASH"
					]
				},
				{
					"Name": "",
					"Behavior": "&kp",
					"Notes": "",
					"Args": [
						"RETURN"
					]
				},
				{
					"Name": "",
					"Behavior": "&kp",
					"Notes": "",
					"Args": [
						"LEFT_CONTROL"
					]
				},
				{
					"Name": "",
					"Behavior": "&kp",
					"Notes": "",
					"Args": [
						"LEFT_GUI"
					]
				},
				{
					"Name": "",
					"Behavior": "&kp",
					"Notes": "",
					"Args": [
						"LEFT_ALT"
					]
				},
				{
					"Name": "",
					"Behavior": "&mkp",
					"Notes": "",
					"Args": [
						"LCLK"
					]
				},
				{
					"Name": "",
					"Behavior": "&mkp",
					"Notes": "",
					"Args": [
						"RCLK"
					]
				},
				{
					"Name": "",
					"Behavior": "&mt",
					"Notes": "",
					"Args": [
						"LEFT_ALT LEFT_ARROW",
						"LEFT_ARROW"
					]
				},
				{
					"Name": "",
					"Behavior": "&mt",
					"Notes": "",
					"Args": [
						"UP_ARROW",
						"DOWN_ARROW"
					]
				},
				{
					"Name": "",
					"Behavior": "&mt",
					"Notes": "",
					"Args": [
						"RIGHT_ALT RIGHT_ARROW",
						"RIGHT_ARROW"
					]
				},
				{
					"Name": "",
					"Behavior": "&kp",
					"Notes": "",
					"Args": [
						"RIGHT_GUI"
					]
				},
				{
					"Name": "",
					"Behavior": "&kp",
					"Notes": "",
					"Args": [
						"RETURN"
					]
				},
				{
					"Name": "",
					"Behavior": "&kp",
					"Notes": "",
					"Args": [
						"LEFT_GUI C"
					]
				},
				{
					"Name": "",
					"Behavior": "&kp",
					"Notes": "",
					"Args": [
						"LEFT_GUI V"
					]
				},
				{
					"Name": "",
					"Behavior": "&mo",
					"Notes": "",
					"Args": [
						"symb"
					]
				},
				{
					"Name": "",
					"Behavior": "&kp",
					"Notes": "",
					"Args": [
						"DELETE"
					]
				},
				{
					"Name": "",
					"Behavior": "&kp",
					"Notes": "",
					"Args": [
						"SPACE"
					]
				},
				{
					"Name": "",
					"Behavior": "&kp",
					"Notes": "",
					"Args": [
						"RETURN"
					]
				},
				{
					"Name": "",
					"Behavior": "&mo",
					"Notes": "",
					"Args": [
						"nmpad"
					]
				},
				{
					"Name": "",
					"Behavior": "&mo",
					"Notes": "",
					"Args": [
						"nmpad"
					]
				},
				{
					"Name": "",
					"Behavior": "&mt",
					"Notes": "",
					"Args": [
						"LEFT_ALT BACKSPACE",
						"BACKSPACE"
					]
				},
				{
					"Name": "",
					"Behavior": "&kp",
					"Notes": "",
					"Args": [
						"SPACE"
					]
				},
				{
					"Name": "",
					"Behavior": "&kp",
					"Notes": "",
					"Args": [
						"QUESTION"
					]
				},
				{
					"Name": "",
					"Behavior": "&kp",
					"Notes": "",
					"Args": [
						"PERIOD"
					]
				}
			]
		},
		{
			"Name": "windows",
			"Notes": "",
			"Keys": [
				{
					"Name": "",
					"Behavior": "&to",
					"Notes": "",
					"Args": [
						"mac"
					]
				},
				{
					"Name": "",
					"Behavior": "&trans",
					"Notes": "",
					"Args": []
				},
				{
					"Name": "",
					"Behavior": "&trans",
					"Notes": "",
					"Args": []
				},
				{
					"Name": "",
					"Behavior": "&trans",
					"Notes": "",
					"Args": []
				},
				{
					"Name": "",
					"Behavior": "&trans",
					"Notes": "",
					"Args": []
				},
				{
					"Name": "",
					"Behavior": "&trans",
					"Notes": "",
					"Args": []
				},
				{
					"Name": "",
					"Behavior": "&trans",
					"Notes": "",
					"Args": []
				},
				{
					"Name": "",
					"Behavior": "&trans",
					"Notes": "",
					"Args": []
				},
				{
					"Name": "",
					"Behavior": "&trans",
					"Notes": "",
					"Args": []
				},
				{
					"Name": "",
					"Behavior": "&trans",
					"Notes": "",
					"Args": []
				},
				{
					"Name": "",
					"Behavior": "&trans",
					"Notes": "",
					"Args": []
				},
				{
					"Name": "",
					"Behavior": "&trans",
					"Notes": "",
					"Args": []
				},
				{
					"Name": "",
					"Behavior": "&trans",
					"Notes": "",
					"Args": []
				},
				{
					"Name": "",
					"Behavior": "&mt",
					"Notes": "",
					"Args": [
						"RIGHT_CONTROL BACKSPACE",
						"BACKSPACE"
					]
				},
				{
					"Name": "",
					"Behavior": "&trans",
					"Notes": "",
					"Args": []
				},
				{
					"Name": "",
					"Behavior": "&trans",
					"Notes": "",
					"Args": []
				},
				{
					"Name": "",
					"Behavior": "&trans",
					"Notes": "",
					"Args": []
				},
				{
					"Name": "",
					"Behavior": "&trans",
					"Notes": "",
					"Args": []
				},
				{
					"Name": "",
					"Behavior": "&trans",
					"Notes": "",
					"Args": []
				},
				{
					"Name": "",
					"Behavior": "&trans",
					"Notes": "",
					"Args": []
				},
				{
					"Name": "",
					"Behavior": "&trans",
					"Notes": "",
					"Args": []
				},
				{
					"Name": "",
					"Behavior": "&trans",
					"Notes": "",
					"Args": []
				},
				{
					"Name": "",
					"Behavior": "&trans",
					"Notes": "",
					"Args": []
				},
				{
					"Name": "",
					"Behavior": "&trans",
					"Notes": "",
					"Args": []
				},
				{
					"Name": "",
					"Behavior": "&trans",
					"Notes": "",
					"Args": []
				},
				{
					"Name": "",
					"Behavior": "&trans",
					"Notes": "",
					"Args": []
				},
				{
					"Name": "",
					"Behavior": "&trans",
					"Notes": "",
					"Args": []
				},
				{
					"Name": "",
					"Behavior": "&trans",
					"Notes": "",
					"Args": []
				},
				{
					"Name": "",
					"Behavior": "&mt",
					"Notes": "",
					"Args": [
						"TAB",
						"TAB"
					]
				},
				{
					"Name": "",
					"Behavior": "&mt",
					"Notes": "",
					"Args": [
						"A",
						"LEFT_CONTROL A"
					]
				},
				{
					"Name": "",
					"Behavior": "&mt",
					"Notes": "",
					"Args": [
						"RIGHT_CONTROL S",
						"S"
					]
				},
				{
					"Name": "",
					"Behavior": "&trans",
					"Notes": "",
					"Args": []
				},
				{
					"Name": "",
					"Behavior": "&mt",
					"Notes": "",
					"Args": [
						"LEFT_CONTROL F",
						"F"
					]
				},
				{
					"Name": "",
					"Behavior": "&trans",
					"Notes": "",
					"Args": []
				},
				{
					"Name": "",
					"Behavior": "&trans",
					"Notes": "",
					"Args": []
				},
				{
					"Name": "",
					"Behavior": "&trans",
					"Notes": "",
					"Args": []
				},
				{
					"Name": "",
					"Behavior": "&mt",
					"Notes": "",
					"Args": [
						"LEFT_GUI L",
						"L"
					]
				},
				{
					"Name": "",
					"Behavior": "&trans",
					"Notes": "",
					"Args": []
				},
				{
					"Name": "",
					"Behavior": "&trans",
					"Notes": "",
					"Args": []
				},
				{
					"Name": "",
					"Behavior": "&trans",
					"Notes": "",
					"Args": []
				},
				{
					"Name": "",
					"Behavior": "&trans",
					"Notes": "",
					"Args": []
				},
				{
					"Name": "",
					"Behavior": "&mt",
					"Notes": "",
					"Args": [
						"LEFT_CONTROL Z",
						"Z"
					]
				},
				{
					"Name": "",
					"Behavior": "&mt",
					"Notes": "",
					"Args": [
						"X",
						"RIGHT_CONTROL X"
					]
				},
				{
					"Name": "",
					"Behavior": "&mt",
					"Notes": "",
					"Args": [
						"LEFT_CONTROL C",
						"C"
					]
				},
				{
					"Name": "",
					"Behavior": "&mt",
					"Notes": "",
					"Args": [
						"LEFT_CONTROL LEFT_SHIFT V",
						"V"
					]
				},
				{
					"Name": "",
					"Behavior": "&mt",
					"Notes": "",
					"Args": [
						"LEFT_CONTROL LEFT_SHIFT Z",
						"B"
					]
				},
				{
					"Name": "",
					"Behavior": "&to",
					"Notes": "",
					"Args": [
						"mouse"
					]
				},
				{
					"Name": "",
					"Behavior": "&to",
					"Notes": "",
					"Args": [
						"Gaming"
					]
				},
				{
					"Name": "",
					"Behavior": "&trans",
					"Notes": "",
					"Args": []
				},
				{
					"Name": "",
					"Behavior": "&trans",
					"Notes": "",
					"Args": []
				},
				{
					"Name": "",
					"Behavior": "&trans",
					"Notes": "",
					"Args": []
				},
				{
					"Name": "",
					"Behavior": "&trans",
					"Notes": "",
					"Args": []
				},
				{
					"Name": "",
					"Behavior": "&trans",
					"Notes": "",
					"Args": []
				},
				{
					"Name": "",
					"Behavior": "&trans",
					"Notes": "",
					"Args": []
				},
				{
					"Name": "",
					"Behavior": "&trans",
					"Notes": "",
					"Args": []
				},
				{
					"Name": "",
					"Behavior": "&trans",
					"Notes": "",
					"Args": []
				},
				{
					"Name": "",
					"Behavior": "&trans",
					"Notes": "",
					"Args": []
				},
				{
					"Name": "",
					"Behavior": "&mkp",
					"Notes": "",
					"Args": [
						"LCLK"
					]
				},
				{
					"Name": "",
					"Behavior": "&mkp",
					"Notes": "",
					"Args": [
						"RCLK"
					]
				},
				{
					"Name": "",
					"Behavior": "&mt",
					"Notes": "",
					"Args": [
						"LEFT_CONTROL LEFT_SHIFT LEFT_ARROW",
						"LEFT_ARROW"
					]
				},
				{
					"Name": "",
					"Behavior": "&trans",
					"Notes": "",
					"Args": []
				},
				{
					"Name": "",
					"Behavior": "&mt",
					"Notes": "",
					"Args": [
						"RIGHT_CONTROL RIGHT_SHIFT RIGHT_ARROW",
						"RIGHT_ARROW"
					]
				},
				{
					"Name": "",
					"Behavior": "&trans",
					"Notes": "",
					"Args": []
				},
				{
					"Name": "",
					"Behavior": "&trans",
					"Notes": "",
					"Args": []
				},
				{
					"Name": "",
					"Behavior": "&kp",
					"Notes": "",
					"Args": [
						"K_COPY"
					]
				},
				{
					"Name": "",
					"Behavior": "&kp",
					"Notes": "",
					"Args": [
						"K_PASTE"
					]
				},
				{
					"Name": "",
					"Behavior": "&trans",
					"Notes": "",
					"Args": []
				},
				{
					"Name": "",
					"Behavior": "&trans",
					"Notes": "",
					"Args": []
				},
				{
					"Name": "",
					"Behavior": "&trans",
					"Notes": "",
					"Args": []
				},
				{
					"Name": "",
					"Behavior": "&trans",
					"Notes": "",
					"Args": []
				},
				{
					"Name": "",
					"Behavior": "&trans",
					"Notes": "",
					"Args": []
				},
				{
					"Name": "",
					"Behavior": "&trans",
					"Notes": "",
					"Args": []
				},
				{
					"Name": "",
					"Behavior": "&trans",
					"Notes": "",
					"Args": []
				},
				{
					"Name": "",
					"Behavior": "&trans",
					"Notes": "",
					"Args": []
				},
				{
					"Name": "",
					"Behavior": "&trans",
					"Notes": "",
					"Args": []
				},
				{
					"Name": "",
					"Behavior": "&trans",
					"Notes": "",
					"Args": []
				}
			]
		},
		{
			"Name": "symb",
			"Notes": "\t\t",
			"Keys": [
				{
					"Name": "",
					"Behavior": "&to",
					"Notes": "",
					"Args": [
						"mac"
					]
				},
				{
					"Name": "",
					"Behavior": "&kp",
					"Notes": "",
					"Args": [
						"LEFT_CONTROL LEFT_ALT NUMBER_1"
					]
				},
				{
					"Name": "",
					"Behavior": "&kp",
					"Notes": "",
					"Args": [
						"LEFT_CONTROL LEFT_ALT NUMBER_2"
					]
				},
				{
					"Name": "",
					"Behavior": "&kp",
					"Notes": "",
					"Args": [
						"LEFT_CONTROL LEFT_ALT NUMBER_3"
					]
				},
				{
					"Name": "",
					"Behavior": "&kp",
					"Notes": "",
					"Args": [
						"LEFT_CONTROL LEFT_ALT NUMBER_4"
					]
				},
				{
					"Name": "",
					"Behavior": "&kp",
					"Notes": "",
					"Args": [
						"LEFT_CONTROL LEFT_SHIFT NUMBER_8"
					]
				},
				{
					"Name": "",
					"Behavior": "&kp",
					"Notes": "",
					"Args": [
						"LEFT_CONTROL LEFT_SHIFT NUMBER_9"
					]
				},
				{
					"Name": "",
					"Behavior": "&kp",
					"Notes": "",
					"Args": [
						"LEFT_CONTROL LEFT_ALT NUMBER_1"
					]
				},
				{
					"Name": "",
					"Behavior": "&kp",
					"Notes": "",
					"Args": [
						"LEFT_CONTROL LEFT_ALT NUMBER_2"
					]
				},
				{
					"Name": "",
					"Behavior": "&kp",
					"Notes": "",
					"Args": [
						"LEFT_CONTROL LEFT_ALT NUMBER_3"
					]
				},
				{
					"Name": "",
					"Behavior": "&kp",
					"Notes": "",
					"Args": [
						"LEFT_CONTROL LEFT_ALT NUMBER_4"
					]
				},
				{
					"Name": "",
					"Behavior": "&kp",
					"Notes": "",
					"Args": [
						"LEFT_CONTROL LEFT_SHIFT NUMBER_8"
					]
				},
				{
					"Name": "",
					"Behavior": "&kp",
					"Notes": "",
					"Args": [
						"LEFT_CONTROL LEFT_SHIFT NUMBER_9"
					]
				},
				{
					"Name": "",
					"Behavior": "&none",
					"Notes": "",
					"Args": []
				},
				{
					"Name": "",
					"Behavior": "&kp",
					"Notes": "",
					"Args": [
						"UNDERSCORE"
					]
				},
				{
					"Name": "",
					"Behavior": "&kp",
					"Notes": "",
					"Args": [
						"EXCLAMATION"
					]
				},
				{
					"Name": "",
					"Behavior": "&kp",
					"Notes": "",
					"Args": [
						"DOUBLE_QUOTES"
					]
				},
				{
					"Name": "",
					"Behavior": "&kp",
					"Notes": "",
					"Args": [
						"LEFT_BRACE"
					]
				},
				{
					"Name": "",
					"Behavior": "&kp",
					"Notes": "",
					"Args": [
						"RIGHT_BRACE"
					]
				},
				{
					"Name": "",
					"Behavior": "&kp",
					"Notes": "",
					"Args": [
						"PIPE"
					]
				},
				{
					"Name": "",
					"Behavior": "&kp",
					"Notes": "",
					"Args": [
						"RIGHT_BRACE"
					]
				},
				{
					"Name": "",
					"Behavior": "&kp",
					"Notes": "",
					"Args": [
						"LEFT_BRACKET"
					]
				},
				{
					"Name": "",
					"Behavior": "&kp",
					"Notes": "",
					"Args": [
						"PIPE"
					]
				},
				{
					"Name": "",
					"Behavior": "&kp",
					"Notes": "",
					"Args": [
						"LEFT_BRACE"
					]
				},
				{
					"Name": "",
					"Behavior": "&kp",
					"Notes": "",
					"Args": [
						"RIGHT_BRACE"
					]
				},
				{
					"Name": "",
					"Behavior": "&kp",
					"Notes": "",
					"Args": [
						"DOUBLE_QUOTES"
					]
				},
				{
					"Name": "",
					"Behavior": "&kp",
					"Notes": "",
					"Args": [
						"EXCLAMATION"
					]
				},
				{
					"Name": "",
					"Behavior": "&kp",
					"Notes": "",
					"Args": [
						"UNDERSCORE"
					]
				},
				{
					"Name": "",
					"Behavior": "&none",
					"Notes": "",
					"Args": []
				},
				{
					"Name": "",
					"Behavior": "&kp",
					"Notes": "",
					"Args": [
						"HASH"
					]
				},
				{
					"Name": "",
					"Behavior": "&kp",
					"Notes": "",
					"Args": [
						"DOLLAR"
					]
				},
				{
					"Name": "",
					"Behavior": "&kp",
					"Notes": "",
					"Args": [
						"LEFT_PARENTHESIS"
					]
				},
				{
					"Name": "",
					"Behavior": "&trans",
					"Notes": "",
					"Args": []
				},
				{
					"Name": "",
					"Behavior": "&kp",
					"Notes": "",
					"Args": [
						"RIGHT_PARENTHESIS"
					]
				},
				{
					"Name": "",
					"Behavior": "&kp",
					"Notes": "",
					"Args": [
						"LEFT_PARENTHESIS"
					]
				},
				{
					"Name": "",
					"Behavior": "&trans",
					"Notes": "",
					"Args": []
				},
				{
					"Name": "",
					"Behavior": "&kp",
					"Notes": "",
					"Args": [
						"RIGHT_PARENTHESIS"
					]
				},
				{
					"Name": "",
					"Behavior": "&kp",
					"Notes": "",
					"Args": [
						"DOLLAR"
					]
				},
				{
					"Name": "",
					"Behavior": "&kp",
					"Notes": "",
					"Args": [
						"HASH"
					]
				},
				{
					"Name": "",
					"Behavior": "&none",
					"Notes": "",
					"Args": []
				},
				{
					"Name": "",
					"Behavior": "&none",
					"Notes": "",
					"Args": []
				},
				{
					"Name": "",
					"Behavior": "&kp",
					"Notes": "",
					"Args": [
						"PERCENT"
					]
				},
				{
					"Name": "",
					"Behavior": "&kp",
					"Notes": "",
					"Args": [
						"CARET"
					]
				},
				{
					"Name": "",
					"Behavior": "&kp",
					"Notes": "",
					"Args": [
						"LEFT_BRACKET"
					]
				},
				{
					"Name": "",
					"Behavior": "&kp",
					"Notes": "",
					"Args": [
						"RIGHT_BRACKET"
					]
				},
				{
					"Name": "",
					"Behavior": "&kp",
					"Notes": "",
					"Args": [
						"TILDE"
					]
				},
				{
					"Name": "",
					"Behavior": "&kp",
					"Notes": "",
					"Args": [
						"SLASH"
					]
				},
				{
					"Name": "",
					"Behavior": "&to",
					"Notes": "",
					"Args": [
						"Gaming"
					]
				},
				{
					"Name": "",
					"Behavior": "&none",
					"Notes": "",
					"Args": []
				},
				{
					"Name": "",
					"Behavior": "&kp",
					"Notes": "",
					"Args": [
						"LEFT_BRACE"
					]
				},
				{
					"Name": "",
					"Behavior": "&kp",
					"Notes": "",
					"Args": [
						"RIGHT_BRACE"
					]
				},
				{
					"Name": "",
					"Behavior": "&kp",
					"Notes": "",
					"Args": [
						"CARET"
					]
				},
				{
					"Name": "",
					"Behavior": "&kp",
					"Notes": "",
					"Args": [
						"PERCENT"
					]
				},
				{
					"Name": "",
					"Behavior": "&none",
					"Notes": "",
					"Args": []
				},
				{
					"Name": "",
					"Behavior": "&none",
					"Notes": "",
					"Args": []
				},
				{
					"Name": "",
					"Behavior": "&none",
					"Notes": "",
					"Args": []
				},
				{
					"Name": "",
					"Behavior": "&none",
					"Notes": "",
					"Args": []
				},
				{
					"Name": "",
					"Behavior": "&none",
					"Notes": "",
					"Args": []
				},
				{
					"Name": "",
					"Behavior": "&none",
					"Notes": "",
					"Args": []
				},
				{
					"Name": "",
					"Behavior": "&none",
					"Notes": "",
					"Args": []
				},
				{
					"Name": "",
					"Behavior": "&none",
					"Notes": "",
					"Args": []
				},
				{
					"Name": "",
					"Behavior": "&none",
					"Notes": "",
					"Args": []
				},
				{
					"Name": "",
					"Behavior": "&none",
					"Notes": "",
					"Args": []
				},
				{
					"Name": "",
					"Behavior": "&none",
					"Notes": "",
					"Args": []
				},
				{
					"Name": "",
					"Behavior": "&kp",
					"Notes": "",
					"Args": [
						"K_STOP"
					]
				},
				{
					"Name": "",
					"Behavior": "&kp",
					"Notes": "",
					"Args": [
						"K_PLAY_PAUSE"
					]
				},
				{
					"Name": "",
					"Behavior": "&none",
					"Notes": "",
					"Args": []
				},
				{
					"Name": "",
					"Behavior": "&none",
					"Notes": "",
					"Args": []
				},
				{
					"Name": "",
					"Behavior": "&kp",
					"Notes": "",
					"Args": [
						"K_VOLUME_DOWN"
					]
				},
				{
					"Name": "",
					"Behavior": "&kp",
					"Notes": "",
					"Args": [
						"K_MUTE"
					]
				},
				{
					"Name": "",
					"Behavior": "&none",
					"Notes": "",
					"Args": []
				},
				{
					"Name": "",
					"Behavior": "&kp",
					"Notes": "",
					"Args": [
						"K_PREVIOUS"
					]
				},
				{
					"Name": "",
					"Behavior": "&none",
					"Notes": "",
					"Args": []
				},
				{
					"Name": "",
					"Behavior": "&none",
					"Notes": "",
					"Args": []
				},
				{
					"Name": "",
					"Behavior": "&kp",
					"Notes": "",
					"Args": [
						"K_VOLUME_UP"
					]
				},
				{
					"Name": "",
					"Behavior": "&kp",
					"Notes": "",
					"Args": [
						"K_NEXT"
					]
				}
			]
		},
		{
			"Name": "nmpad",
			"Notes": "",
			"Keys": [
				{
					"Name": "",
					"Behavior": "&to",
					"Notes": "",
					"Args": [
						"mac"
					]
				},
				{
					"Name": "",
					"Behavior": "&kp",
					"Notes": "",
					"Args": [
						"CARET"
					]
				},
				{
					"Name": "",
					"Behavior": "&kp",
					"Notes": "",
					"Args": [
						"AMPERSAND"
					]
				},
				{
					"Name": "",
					"Behavior": "&kp",
					"Notes": "",
					"Args": [
						"ASTERISK"
					]
				},
				{
					"Name": "",
					"Behavior": "&kp",
					"Notes": "",
					"Args": [
						"LEFT_PARENTHESIS"
					]
				},
				{
					"Name": "",
					"Behavior": "&kp",
					"Notes": "",
					"Args": [
						"RIGHT_PARENTHESIS"
					]
				},
				{
					"Name": "",
					"Behavior": "&none",
					"Notes": "",
					"Args": []
				},
				{
					"Name": "",
					"Behavior": "&none",
					"Notes": "",
					"Args": []
				},
				{
					"Name": "",
					"Behavior": "&none",
					"Notes": "",
					"Args": []
				},
				{
					"Name": "",
					"Behavior": "&kp",
					"Notes": "",
					"Args": [
						"KP_DIVIDE"
					]
				},
				{
					"Name": "",
					"Behavior": "&kp",
					"Notes": "",
					"Args": [
						"KP_MULTIPLY"
					]
				},
				{
					"Name": "",
					"Behavior": "&kp",
					"Notes": "",
					"Args": [
						"KP_MINUS"
					]
				},
				{
					"Name": "",
					"Behavior": "&none",
					"Notes": "",
					"Args": []
				},
				{
					"Name": "",
					"Behavior": "&none",
					"Notes": "",
					"Args": []
				},
				{
					"Name": "",
					"Behavior": "&kp",
					"Notes": "",
					"Args": [
						"TAB"
					]
				},
				{
					"Name": "",
					"Behavior": "&kp",
					"Notes": "",
					"Args": [
						"Y"
					]
				},
				{
					"Name": "",
					"Behavior": "&kp",
					"Notes": "",
					"Args": [
						"U"
					]
				},
				{
					"Name": "",
					"Behavior": "&kp",
					"Notes": "",
					"Args": [
						"I"
					]
				},
				{
					"Name": "",
					"Behavior": "&kp",
					"Notes": "",
					"Args": [
						"O"
					]
				},
				{
					"Name": "",
					"Behavior": "&kp",
					"Notes": "",
					"Args": [
						"P"
					]
				},
				{
					"Name": "",
					"Behavior": "&none",
					"Notes": "",
					"Args": []
				},
				{
					"Name": "",
					"Behavior": "&none",
					"Notes": "",
					"Args": []
				},
				{
					"Name": "",
					"Behavior": "&none",
					"Notes": "",
					"Args": []
				},
				{
					"Name": "",
					"Behavior": "&kp",
					"Notes": "",
					"Args": [
						"NUMBER_7"
					]
				},
				{
					"Name": "",
					"Behavior": "&kp",
					"Notes": "",
					"Args": [
						"NUMBER_8"
					]
				},
				{
					"Name": "",
					"Behavior": "&kp",
					"Notes": "",
					"Args": [
						"NUMBER_9"
					]
				},
				{
					"Name": "",
					"Behavior": "&kp",
					"Notes": "",
					"Args": [
						"KP_PLUS"
					]
				},
				{
					"Name": "",
					"Behavior": "&none",
					"Notes": "",
					"Args": []
				},
				{
					"Name": "",
					"Behavior": "&none",
					"Notes": "",
					"Args": []
				},
				{
					"Name": "",
					"Behavior": "&kp",
					"Notes": "",
					"Args": [
						"H"
					]
				},
				{
					"Name": "",
					"Behavior": "&kp",
					"Notes": "",
					"Args": [
						"J"
					]
				},
				{
					"Name": "",
					"Behavior": "&kp",
					"Notes": "",
					"Args": [
						"K"
					]
				},
				{
					"Name": "",
					"Behavior": "&kp",
					"Notes": "",
					"Args": [
						"L"
					]
				},
				{
					"Name": "",
					"Behavior": "&trans",
					"Notes": "",
					"Args": []
				},
				{
					"Name": "",
					"Behavior": "&trans",
					"Notes": "",
					"Args": []
				},
				{
					"Name": "",
					"Behavior": "&kp",
					"Notes": "",
					"Args": [
						"NUMBER_4"
					]
				},
				{
					"Name": "",
					"Behavior": "&kp",
					"Notes": "",
					"Args": [
						"NUMBER_5"
					]
				},
				{
					"Name": "",
					"Behavior": "&kp",
					"Notes": "",
					"Args": [
						"NUMBER_6"
					]
				},
				{
					"Name": "",
					"Behavior": "&kp",
					"Notes": "",
					"Args": [
						"NUMBER_0"
					]
				},
				{
					"Name": "",
					"Behavior": "&trans",
					"Notes": "",
					"Args": []
				},
				{
					"Name": "",
					"Behavior": "&none",
					"Notes": "",
					"Args": []
				},
				{
					"Name": "",
					"Behavior": "&kp",
					"Notes": "",
					"Args": [
						"N"
					]
				},
				{
					"Name": "",
					"Behavior": "&kp",
					"Notes": "",
					"Args": [
						"M"
					]
				},
				{
					"Name": "",
					"Behavior": "&kp",
					"Notes": "",
					"Args": [
						"COMMA"
					]
				},
				{
					"Name": "",
					"Behavior": "&kp",
					"Notes": "",
					"Args": [
						"PERIOD"
					]
				},
				{
					"Name": "",
					"Behavior": "&kp",
					"Notes": "",
					"Args": [
						"BACKSLASH"
					]
				},
				{
					"Name": "",
					"Behavior": "&none",
					"Notes": "",
					"Args": []
				},
				{
					"Name": "",
					"Behavior": "&none",
					"Notes": "",
					"Args": []
				},
				{
					"Name": "",
					"Behavior": "&none",
					"Notes": "",
					"Args": []
				},
				{
					"Name": "",
					"Behavior": "&kp",
					"Notes": "",
					"Args": [
						"NUMBER_1"
					]
				},
				{
					"Name": "",
					"Behavior": "&kp",
					"Notes": "",
					"Args": [
						"NUMBER_2"
					]
				},
				{
					"Name": "",
					"Behavior": "&kp",
					"Notes": "",
					"Args": [
						"NUMBER_3"
					]
				},
				{
					"Name": "",
					"Behavior": "&kp",
					"Notes": "",
					"Args": [
						"KP_ENTER"
					]
				},
				{
					"Name": "",
					"Behavior": "&none",
					"Notes": "",
					"Args": []
				},
				{
					"Name": "",
					"Behavior": "&none",
					"Notes": "",
					"Args": []
				},
				{
					"Name": "",
					"Behavior": "&none",
					"Notes": "",
					"Args": []
				},
				{
					"Name": "",
					"Behavior": "&none",
					"Notes": "",
					"Args": []
				},
				{
					"Name": "",
					"Behavior": "&kp",
					"Notes": "",
					"Args": [
						"LEFT_ARROW"
					]
				},
				{
					"Name": "",
					"Behavior": "&kp",
					"Notes": "",
					"Args": [
						"UP_ARROW"
					]
				},
				{
					"Name": "",
					"Behavior": "&kp",
					"Notes": "",
					"Args": [
						"DOWN_ARROW"
					]
				},
				{
					"Name": "",
					"Behavior": "&kp",
					"Notes": "",
					"Args": [
						"RIGHT_ARROW"
					]
				},
				{
					"Name": "",
					"Behavior": "&none",
					"Notes": "",
					"Args": []
				},
				{
					"Name": "",
					"Behavior": "&none",
					"Notes": "",
					"Args": []
				},
				{
					"Name": "",
					"Behavior": "&none",
					"Notes": "",
					"Args": []
				},
				{
					"Name": "",
					"Behavior": "&trans",
					"Notes": "",
					"Args": []
				},
				{
					"Name": "",
					"Behavior": "&trans",
					"Notes": "",
					"Args": []
				},
				{
					"Name": "",
					"Behavior": "&trans",
					"Notes": "",
					"Args": []
				},
				{
					"Name": "",
					"Behavior": "&trans",
					"Notes": "",
					"Args": []
				},
				{
					"Name": "",
					"Behavior": "&trans",
					"Notes": "",
					"Args": []
				},
				{
					"Name": "",
					"Behavior": "&trans",
					"Notes": "",
					"Args": []
				},
				{
					"Name": "",
					"Behavior": "&trans",
					"Notes": "",
					"Args": []
				},
				{
					"Name": "",
					"Behavior": "&trans",
					"Notes": "",
					"Args": []
				},
				{
					"Name": "",
					"Behavior": "&trans",
					"Notes": "",
					"Args": []
				},
				{
					"Name": "",
					"Behavior": "&trans",
					"Notes": "",
					"Args": []
				},
				{
					"Name": "",
					"Behavior": "&trans",
					"Notes": "",
					"Args": []
				},
				{
					"Name": "",
					"Behavior": "&trans",
					"Notes": "",
					"Args": []
				}
			]
		},
		{
			"Name": "Gaming",
			"Notes": "",
			"Keys": [
				{
					"Name": "",
					"Behavior": "&to",
					"Notes": "",
					"Args": [
						"mac"
					]
				},
				{
					"Name": "",
					"Behavior": "&kp",
					"Notes": "",
					"Args": [
						"NUMBER_1"
					]
				},
				{
					"Name": "",
					"Behavior": "&kp",
					"Notes": "",
					"Args": [
						"NUMBER_2"
					]
				},
				{
					"Name": "",
					"Behavior": "&kp",
					"Notes": "",
					"Args": [
						"NUMBER_3"
					]
				},
				{
					"Name": "",
					"Behavior": "&kp",
					"Notes": "",
					"Args": [
						"NUMBER_4"
					]
				},
				{
					"Name": "",
					"Behavior": "&kp",
					"Notes": "",
					"Args": [
						"NUMBER_5"
					]
				},
				{
					"Name": "",
					"Behavior": "&trans",
					"Notes": "",
					"Args": []
				},
				{
					"Name": "",
					"Behavior": "&trans",
					"Notes": "",
					"Args": []
				},
				{
					"Name": "",
					"Behavior": "&kp",
					"Notes": "",
					"Args": [
						"NUMBER_6"
					]
				},
				{
					"Name": "",
					"Behavior": "&kp",
					"Notes": "",
					"Args": [
						"NUMBER_7"
					]
				},
				{
					"Name": "",
					"Behavior": "&kp",
					"Notes": "",
					"Args": [
						"NUMBER_8"
					]
				},
				{
					"Name": "",
					"Behavior": "&kp",
					"Notes": "",
					"Args": [
						"NUMBER_9"
					]
				},
				{
					"Name": "",
					"Behavior": "&kp",
					"Notes": "",
					"Args": [
						"NUMBER_0"
					]
				},
				{
					"Name": "",
					"Behavior": "&trans",
					"Notes": "",
					"Args": []
				},
				{
					"Name": "",
					"Behavior": "&trans",
					"Notes": "",
					"Args": []
				},
				{
					"Name": "",
					"Behavior": "&trans",
					"Notes": "",
					"Args": []
				},
				{
					"Name": "",
					"Behavior": "&trans",
					"Notes": "",
					"Args": []
				},
				{
					"Name": "",
					"Behavior": "&trans",
					"Notes": "",
					"Args": []
				},
				{
					"Name": "",
					"Behavior": "&trans",
					"Notes": "",
					"Args": []
				},
				{
					"Name": "",
					"Behavior": "&trans",
					"Notes": "",
					"Args": []
				},
				{
					"Name": "",
					"Behavior": "&trans",
					"Notes": "",
					"Args": []
				},
				{
					"Name": "",
					"Behavior": "&trans",
					"Notes": "",
					"Args": []
				},
				{
					"Name": "",
					"Behavior": "&trans",
					"Notes": "",
					"Args": []
				},
				{
					"Name": "",
					"Behavior": "&trans",
					"Notes": "",
					"Args": []
				},
				{
					"Name": "",
					"Behavior": "&trans",
					"Notes": "",
					"Args": []
				},
				{
					"Name": "",
					"Behavior": "&trans",
					"Notes": "",
					"Args": []
				},
				{
					"Name": "",
					"Behavior": "&trans",
					"Notes": "",
					"Args": []
				},
				{
					"Name": "",
					"Behavior": "&trans",
					"Notes": "",
					"Args": []
				},
				{
					"Name": "",
					"Behavior": "&trans",
					"Notes": "",
					"Args": []
				},
				{
					"Name": "",
					"Behavior": "&kp",
					"Notes": "",
					"Args": [
						"A"
					]
				},
				{
					"Name": "",
					"Behavior": "&kp",
					"Notes": "",
					"Args": [
						"S"
					]
				},
				{
					"Name": "",
					"Behavior": "&kp",
					"Notes": "",
					"Args": [
						"D"
					]
				},
				{
					"Name": "",
					"Behavior": "&kp",
					"Notes": "",
					"Args": [
						"F"
					]
				},
				{
					"Name": "",
					"Behavior": "&kp",
					"Notes": "",
					"Args": [
						"G"
					]
				},
				{
					"Name": "",
					"Behavior": "&kp",
					"Notes": "",
					"Args": [
						"H"
					]
				},
				{
					"Name": "",
					"Behavior": "&kp",
					"Notes": "",
					"Args": [
						"J"
					]
				},
				{
					"Name": "",
					"Behavior": "&trans",
					"Notes": "",
					"Args": []
				},
				{
					"Name": "",
					"Behavior": "&trans",
					"Notes": "",
					"Args": []
				},
				{
					"Name": "",
					"Behavior": "&trans",
					"Notes": "",
					"Args": []
				},
				{
					"Name": "",
					"Behavior": "&trans",
					"Notes": "",
					"Args": []
				},
				{
					"Name": "",
					"Behavior": "&trans",
					"Notes": "",
					"Args": []
				},
				{
					"Name": "",
					"Behavior": "&kp",
					"Notes": "",
					"Args": [
						"Z"
					]
				},
				{
					"Name": "",
					"Behavior": "&kp",
					"Notes": "",
					"Args": [
						"X"
					]
				},
				{
					"Name": "",
					"Behavior": "&kp",
					"Notes": "",
					"Args": [
						"C"
					]
				},
				{
					"Name": "",
					"Behavior": "&kp",
					"Notes": "",
					"Args": [
						"V"
					]
				},
				{
					"Name": "",
					"Behavior": "&kp",
					"Notes": "",
					"Args": [
						"B"
					]
				},
				{
					"Name": "",
					"Behavior": "&trans",
					"Notes": "",
					"Args": []
				},
				{
					"Name": "",
					"Behavior": "&trans",
					"Notes": "",
					"Args": []
				},
				{
					"Name": "",
					"Behavior": "&kp",
					"Notes": "",
					"Args": [
						"N"
					]
				},
				{
					"Name": "",
					"Behavior": "&trans",
					"Notes": "",
					"Args": []
				},
				{
					"Name": "",
					"Behavior": "&trans",
					"Notes": "",
					"Args": []
				},
				{
					"Name": "",
					"Behavior": "&trans",
					"Notes": "",
					"Args": []
				},
				{
					"Name": "",
					"Behavior": "&trans",
					"Notes": "",
					"Args": []
				},
				{
					"Name": "",
					"Behavior": "&trans",
					"Notes": "",
					"Args": []
				},
				{
					"Name": "",
					"Behavior": "&trans",
					"Notes": "",
					"Args": []
				},
				{
					"Name": "",
					"Behavior": "&trans",
					"Notes": "",
					"Args": []
				},
				{
					"Name": "",
					"Behavior": "&trans",
					"Notes": "",
					"Args": []
				},
				{
					"Name": "",
					"Behavior": "&trans",
					"Notes": "",
					"Args": []
				},
				{
					"Name": "",
					"Behavior": "&trans",
					"Notes": "",
					"Args": []
				},
				{
					"Name": "",
					"Behavior": "&trans",
					"Notes": "",
					"Args": []
				},
				{
					"Name": "",
					"Behavior": "&trans",
					"Notes": "",
					"Args": []
				},
				{
					"Name": "",
					"Behavior": "&trans",
					"Notes": "",
					"Args": []
				},
				{
					"Name": "",
					"Behavior": "&trans",
					"Notes": "",
					"Args": []
				},
				{
					"Name": "",
					"Behavior": "&trans",
					"Notes": "",
					"Args": []
				},
				{
					"Name": "",
					"Behavior": "&trans",
					"Notes": "",
					"Args": []
				},
				{
					"Name": "",
					"Behavior": "&trans",
					"Notes": "",
					"Args": []
				},
				{
					"Name": "",
					"Behavior": "&trans",
					"Notes": "",
					"Args": []
				},
				{
					"Name": "",
					"Behavior": "&trans",
					"Notes": "",
					"Args": []
				},
				{
					"Name": "",
					"Behavior": "&trans",
					"Notes": "",
					"Args": []
				},
				{
					"Name": "",
					"Behavior": "&trans",
					"Notes": "",
					"Args": []
				},
				{
					"Name": "",
					"Behavior": "&trans",
					"Notes": "",
					"Args": []
				},
				{
					"Name": "",
					"Behavior": "&trans",
					"Notes": "",
					"Args": []
				},
				{
					"Name": "",
					"Behavior": "&trans",
					"Notes": "",
					"Args": []
				},
				{
					"Name": "",
					"Behavior": "&trans",
					"Notes": "",
					"Args": []
				},
				{
					"Name": "",
					"Behavior": "&trans",
					"Notes": "",
					"Args": []
				},
				{
					"Name": "",
					"Behavior": "&trans",
					"Notes": "",
					"Args": []
				}
			]
		},
		{
			"Name": "mouse",
			"Notes": "",
			"Keys": [
				{
					"Name": "",
					"Behavior": "&to",
					"Notes": "",
					"Args": [
						"mac"
					]
				},
				{
					"Name": "",
					"Behavior": "&none",
					"Notes": "",
					"Args": []
				},
				{
					"Name": "",
					"Behavior": "&none",
					"Notes": "",
					"Args": []
				},
				{
					"Name": "",
					"Behavior": "&none",
					"Notes": "",
					"Args": []
				},
				{
					"Name": "",
					"Behavior": "&none",
					"Notes": "",
					"Args": []
				},
				{
					"Name": "",
					"Behavior": "&none",
					"Notes": "",
					"Args": []
				},
				{
					"Name": "",
					"Behavior": "&none",
					"Notes": "",
					"Args": []
				},
				{
					"Name": "",
					"Behavior": "&none",
					"Notes": "",
					"Args": []
				},
				{
					"Name": "",
					"Behavior": "&none",
					"Notes": "",
					"Args": []
				},
				{
					"Name": "",
					"Behavior": "&none",
					"Notes": "",
					"Args": []
				},
				{
					"Name": "",
					"Behavior": "&none",
					"Notes": "",
					"Args": []
				},
				{
					"Name": "",
					"Behavior": "&none",
					"Notes": "",
					"Args": []
				},
				{
					"Name": "",
					"Behavior": "&none",
					"Notes": "",
					"Args": []
				},
				{
					"Name": "",
					"Behavior": "&none",
					"Notes": "",
					"Args": []
				},
				{
					"Name": "",
					"Behavior": "&none",
					"Notes": "",
					"Args": []
				},
				{
					"Name": "",
					"Behavior": "&none",
					"Notes": "",
					"Args": []
				},
				{
					"Name": "",
					"Behavior": "&mmv",
					"Notes": "",
					"Args": [
						"MOVE_UP"
					]
				},
				{
					"Name": "",
					"Behavior": "&none",
					"Notes": "",
					"Args": []
				},
				{
					"Name": "",
					"Behavior": "&none",
					"Notes": "",
					"Args": []
				},
				{
					"Name": "",
					"Behavior": "&none",
					"Notes": "",
					"Args": []
				},
				{
					"Name": "",
					"Behavior": "&none",
					"Notes": "",
					"Args": []
				},
				{
					"Name": "",
					"Behavior": "&none",
					"Notes": "",
					"Args": []
				},
				{
					"Name": "",
					"Behavior": "&none",
					"Notes": "",
					"Args": []
				},
				{
					"Name": "",
					"Behavior": "&none",
					"Notes": "",
					"Args": []
				},
				{
					"Name": "",
					"Behavior": "&none",
					"Notes": "",
					"Args": []
				},
				{
					"Name": "",
					"Behavior": "&mmv",
					"Notes": "",
					"Args": [
						"MOVE_UP"
					]
				},
				{
					"Name": "",
					"Behavior": "&none",
					"Notes": "",
					"Args": []
				},
				{
					"Name": "",
					"Behavior": "&none",
					"Notes": "",
					"Args": []
				},
				{
					"Name": "",
					"Behavior": "&none",
					"Notes": "",
					"Args": []
				},
				{
					"Name": "",
					"Behavior": "&mmv",
					"Notes": "",
					"Args": [
						"MOVE_LEFT"
					]
				},
				{
					"Name": "",
					"Behavior": "&mmv",
					"Notes": "",
					"Args": [
						"MOVE_DOWN"
					]
				},
				{
					"Name": "",
					"Behavior": "&mmv",
					"Notes": "",
					"Args": [
						"MOVE_RIGHT"
					]
				},
				{
					"Name": "",
					"Behavior": "&none",
					"Notes": "",
					"Args": []
				},
				{
					"Name": "",
					"Behavior": "&none",
					"Notes": "",
					"Args": []
				},
				{
					"Name": "",
					"Behavior": "&none",
					"Notes": "",
					"Args": []
				},
				{
					"Name": "",
					"Behavior": "&none",
					"Notes": "",
					"Args": []
				},
				{
					"Name": "",
					"Behavior": "&mmv",
					"Notes": "",
					"Args": [
						"MOVE_LEFT"
					]
				},
				{
					"Name": "",
					"Behavior": "&mmv",
					"Notes": "",
					"Args": [
						"MOVE_DOWN"
					]
				},
				{
					"Name": "",
					"Behavior": "&mmv",
					"Notes": "",
					"Args": [
						"MOVE_RIGHT"
					]
				},
				{
					"Name": "",
					"Behavior": "&none",
					"Notes": "",
					"Args": []
				},
				{
					"Name": "",
					"Behavior": "&none",
					"Notes": "",
					"Args": []
				},
				{
					"Name": "",
					"Behavior": "&none",
					"Notes": "",
					"Args": []
				},
				{
					"Name": "",
					"Behavior": "&none",
					"Notes": "",
					"Args": []
				},
				{
					"Name": "",
					"Behavior": "&none",
					"Notes": "",
					"Args": []
				},
				{
					"Name": "",
					"Behavior": "&none",
					"Notes": "",
					"Args": []
				},
				{
					"Name": "",
					"Behavior": "&none",
					"Notes": "",
					"Args": []
				},
				{
					"Name": "",
					"Behavior": "&none",
					"Notes": "",
					"Args": []
				},
				{
					"Name": "",
					"Behavior": "&none",
					"Notes": "",
					"Args": []
				},
				{
					"Name": "",
					"Behavior": "&none",
					"Notes": "",
					"Args": []
				},
				{
					"Name": "",
					"Behavior": "&none",
					"Notes": "",
					"Args": []
				},
				{
					"Name": "",
					"Behavior": "&none",
					"Notes": "",
					"Args": []
				},
				{
					"Name": "",
					"Behavior": "&none",
					"Notes": "",
					"Args": []
				},
				{
					"Name": "",
					"Behavior": "&none",
					"Notes": "",
					"Args": []
				},
				{
					"Name": "",
					"Behavior": "&none",
					"Notes": "",
					"Args": []
				},
				{
					"Name": "",
					"Behavior": "&none",
					"Notes": "",
					"Args": []
				},
				{
					"Name": "",
					"Behavior": "&none",
					"Notes": "",
					"Args": []
				},
				{
					"Name": "",
					"Behavior": "&none",
					"Notes": "",
					"Args": []
				},
				{
					"Name": "",
					"Behavior": "&none",
					"Notes": "",
					"Args": []
				},
				{
					"Name": "",
					"Behavior": "&none",
					"Notes": "",
					"Args": []
				},
				{
					"Name": "",
					"Behavior": "&none",
					"Notes": "",
					"Args": []
				},
				{
					"Name": "",
					"Behavior": "&none",
					"Notes": "",
					"Args": []
				},
				{
					"Name": "",
					"Behavior": "&none",
					"Notes": "",
					"Args": []
				},
				{
					"Name": "",
					"Behavior": "&none",
					"Notes": "",
					"Args": []
				},
				{
					"Name": "",
					"Behavior": "&none",
					"Notes": "",
					"Args": []
				},
				{
					"Name": "",
					"Behavior": "&none",
					"Notes": "",
					"Args": []
				},
				{
					"Name": "",
					"Behavior": "&none",
					"Notes": "",
					"Args": []
				},
				{
					"Name": "",
					"Behavior": "&none",
					"Notes": "",
					"Args": []
				},
				{
					"Name": "",
					"Behavior": "&none",
					"Notes": "",
					"Args": []
				},
				{
					"Name": "",
					"Behavior": "&none",
					"Notes": "",
					"Args": []
				},
				{
					"Name": "",
					"Behavior": "&none",
					"Notes": "",
					"Args": []
				},
				{
					"Name": "",
					"Behavior": "&none",
					"Notes": "",
					"Args": []
				},
				{
					"Name": "",
					"Behavior": "&none",
					"Notes": "",
					"Args": []
				},
				{
					"Name": "",
					"Behavior": "&none",
					"Notes": "",
					"Args": []
				},
				{
					"Name": "",
					"Behavior": "&none",
					"Notes": "",
					"Args": []
				},
				{
					"Name": "",
					"Behavior": "&none",
					"Notes": "",
					"Args": []
				},
				{
					"Name": "",
					"Behavior": "&none",
					"Notes": "",
					"Args": []
				}
			]
		}
	],
	"Custom": ""
}
